{
  "project_info": {
    "project_number": "1015568231894",
    "project_id": "clinicag20-e9252",
    "storage_bucket": "clinicag20-e9252.appspot.com"
  },
  "client": [
    {
      "client_info": {
        "mobilesdk_app_id": "1:1015568231894:android:f261d14564382688748877",
        "android_client_info": {
          "package_name": "com.example.clinicag20"
        }
      },
      "oauth_client": [],
      "api_key": [
        {
          "current_key": "AIzaSyAuv19jry4n7uDuCc73GYB_oXypAPigb3g"
        }
      ],
      "services": {
        "appinvite_service": {
          "other_platform_oauth_client": []
        }
      }
    }
  ],
  "configuration_version": "1"
}